185.18.254.129,267,267,267
2.78.57.9,226,229,237
94.141.68.249,,,
185.211.130.193,273,273,273
212.72.141.89,236,236,237
92.241.86.93,226,227,229
31.146.183.221,238,238,238
212.72.141.113,236,237,238
94.20.54.53,231,231,231
185.40.34.177,249,250,251
89.147.204.169,231,231,232
80.76.167.145,93,94,94
109.224.4.113,227,227,227
109.224.5.249,225,227,230
213.175.175.81,,,
185.100.171.137,183,183,183
31.25.137.121,226,233,241
213.178.231.193,203,203,203
95.140.200.137,235,239,245
203.170.77.69,107,107,108
110.93.195.45,97,97,97
62.231.30.105,231,231,231
83.220.51.89,191,191,191
194.186.187.205,220,220,220
178.124.157.161,192,192,192
195.22.229.201,209,209,209
46.61.162.1,190,191,192
87.229.232.161,216,216,216
195.239.222.233,224,224,224
81.23.2.161,192,193,194
194.186.199.117,344,345,347
82.162.138.81,112,143,185
136.144.44.237,189,189,189
136.144.46.5,193,193,193
172.27.128.125,,,
51.211.165.252,278,278,279
194.183.179.125,192,192,192
193.111.50.118,198,198,198
81.218.24.17,227,228,228
192.117.13.17,229,229,229
213.135.93.73,218,218,219
212.113.97.89,186,186,186
195.239.117.177,203,203,204
